EPISODE,TITLE,APPLE_FRAME,AURORA_BOREALIS,BARN,BEACH,BOAT,BRIDGE,BUILDING,BUSHES,CABIN,CACTUS,CIRCLE_FRAME,CIRRUS,CLIFF,CLOUDS,CONIFER,CUMULUS,DECIDUOUS,DIANE_ANDRE,DOCK,DOUBLE_OVAL_FRAME,FARM,FENCE,FIRE,FLORIDA_FRAME,FLOWERS,FOG,FRAMED,GRASS,GUEST,HALF_CIRCLE_FRAME,HALF_OVAL_FRAME,HILLS,LAKE,LAKES,LIGHTHOUSE,MILL,MOON,MOUNTAIN,MOUNTAINS,NIGHT,OCEAN,OVAL_FRAME,PALM_TREES,PATH,PERSON,PORTRAIT,RECTANGLE_3D_FRAME,RECTANGULAR_FRAME,RIVER,ROCKS,SEASHELL_FRAME,SNOW,SNOWY_MOUNTAIN,SPLIT_FRAME,STEVE_ROSS,STRUCTURE,SUN,TOMB_FRAME,TREE,TREES,TRIPLE_FRAME,WATERFALL,WAVES,WINDMILL,WINDOW_FRAME,WINTER,WOOD_FRAMED
S05E02,"""TWILIGHT MEADOW""",0,0,0,0,0,0,0,0,0,0,0,0,0,1,0,1,1,0,0,0,0,0,0,0,0,0,0,1,0,0,0,0,1,0,0,0,0,0,0,0,0,0,0,0,0,0,0,0,0,0,0,0,0,0,0,0,0,0,1,1,0,0,0,0,0,0,0
S05E03,"""MOUNTAIN BLOSSOMS""",0,0,0,0,0,0,0,0,0,0,0,0,0,0,1,0,0,0,0,0,0,0,0,0,1,0,0,0,1,0,0,0,0,0,0,0,0,1,1,0,0,0,0,0,0,0,0,0,0,0,0,1,1,0,0,0,0,0,1,1,0,0,0,0,0,0,0
S05E04,"""WINTER STILLNESS""",0,0,0,0,0,0,0,0,0,0,0,0,0,0,1,0,1,0,0,0,0,0,0,0,0,0,0,0,0,0,0,0,1,0,0,0,0,0,0,0,0,0,0,0,0,0,0,0,0,0,0,1,0,0,0,0,0,0,1,1,0,0,0,0,0,1,0
S05E05,"""QUIET POND""",0,0,0,0,0,0,0,0,0,0,0,0,0,0,0,0,1,0,0,0,0,0,0,0,0,0,0,1,0,0,0,0,1,0,0,0,0,0,0,0,0,0,0,0,0,0,0,0,0,0,0,0,0,0,0,0,0,0,1,1,0,0,0,0,0,0,0
S05E06,"""OCEAN SUNRISE""",0,0,0,0,0,0,0,0,0,0,0,0,0,1,0,0,0,0,0,0,0,0,0,0,0,0,0,1,1,0,0,0,0,0,0,0,0,0,0,0,1,0,0,0,0,0,0,0,0,0,0,0,0,0,0,0,1,0,0,0,0,0,0,0,0,0,0
S05E07,"""BUBBLING BROOK""",0,0,0,0,0,0,0,0,0,0,0,0,0,0,0,0,1,0,0,0,0,0,0,0,0,0,0,1,0,0,0,0,0,0,0,0,0,0,0,0,0,0,0,0,0,0,0,0,1,1,0,0,0,0,0,0,0,0,1,1,0,0,0,0,0,0,0
S05E08,"""ARIZONA SPLENDOR""",0,0,0,0,0,0,0,0,0,0,0,0,0,0,0,0,1,0,0,0,0,0,0,0,0,0,0,1,0,0,0,0,0,0,0,0,0,1,1,0,0,0,0,0,0,0,0,0,1,0,0,0,0,0,0,0,0,0,1,1,0,0,0,0,0,0,0
S05E09,"""ANATOMY OF A WAVE""",0,0,0,0,0,0,0,0,0,0,0,0,0,0,0,0,0,0,0,0,0,0,0,0,0,0,0,0,1,0,0,0,0,0,0,0,0,0,0,0,1,0,0,0,0,0,0,0,0,0,0,0,0,0,0,0,0,0,0,0,0,0,1,0,0,0,0
S05E10,"""THE WINDMILL""",0,0,1,0,0,0,0,0,0,0,0,0,0,1,0,0,1,0,0,0,0,0,0,0,0,0,0,0,0,0,0,0,0,0,0,0,0,0,0,0,0,0,0,1,0,0,0,0,0,0,0,0,0,0,0,1,0,0,1,0,0,0,0,1,0,0,0
S05E11,"""AUTUMN GLORY""",0,0,0,0,0,0,0,1,0,0,0,0,0,1,0,1,1,0,0,0,0,0,0,0,0,0,0,1,0,0,0,0,1,0,0,0,0,1,0,0,0,0,0,0,0,0,0,0,0,1,0,0,1,0,0,0,0,0,1,1,0,0,0,0,0,0,0
S05E12,"""INDIAN GIRL""",0,0,0,0,0,0,0,0,0,0,0,0,0,0,0,0,0,0,0,0,0,0,0,0,0,0,0,0,1,0,0,0,0,0,0,0,0,0,0,0,0,0,0,0,0,1,0,0,0,0,0,0,0,0,0,0,0,0,0,0,0,0,0,0,0,0,0
S05E13,"""MEADOW STREAM""",0,0,1,0,0,0,0,0,0,0,0,0,0,1,0,0,1,0,0,0,0,0,0,0,0,0,0,1,0,0,0,0,0,0,0,0,0,0,0,0,0,0,0,0,0,0,0,0,1,1,0,0,0,0,0,1,0,0,1,1,0,0,0,0,0,0,0